time_iso8601,clones_total,clones_unique,views_total,views_unique
2023-04-28 00:00:00+00:00,0,0,12,6
2023-04-30 00:00:00+00:00,0,0,4,2
2023-05-01 00:00:00+00:00,0,0,5,4
2023-05-02 00:00:00+00:00,0,0,10,6
2023-05-03 00:00:00+00:00,0,0,2,2
2023-05-04 00:00:00+00:00,0,0,4,3
2023-05-05 00:00:00+00:00,0,0,10,2
2023-05-06 00:00:00+00:00,0,0,4,2
2023-05-07 00:00:00+00:00,0,0,1,1
2023-05-08 00:00:00+00:00,0,0,4,3
2023-05-09 00:00:00+00:00,0,0,9,5
2023-05-10 00:00:00+00:00,0,0,3,3
2023-05-11 00:00:00+00:00,7,5,70,4
2023-05-12 00:00:00+00:00,5,4,39,3
2023-05-13 00:00:00+00:00,2,2,16,2
2023-05-14 00:00:00+00:00,2,2,1,1
2023-05-15 00:00:00+00:00,3,3,23,3
2023-05-16 00:00:00+00:00,2,2,32,4
2023-05-17 00:00:00+00:00,2,2,11,2
2023-05-18 00:00:00+00:00,2,2,4,3
2023-05-19 00:00:00+00:00,2,2,13,4
2023-05-20 00:00:00+00:00,1,1,2,1
2023-05-21 00:00:00+00:00,3,2,1,1
2023-05-22 00:00:00+00:00,5,4,5,4
2023-05-23 00:00:00+00:00,2,2,14,4
2023-05-24 00:00:00+00:00,1,1,36,4
2023-05-25 00:00:00+00:00,1,1,12,4
2023-05-26 00:00:00+00:00,1,1,8,3
2023-05-27 00:00:00+00:00,2,2,1,1
2023-05-28 00:00:00+00:00,1,1,0,0
2023-05-29 00:00:00+00:00,4,3,2,2
2023-05-30 00:00:00+00:00,3,2,5,2
2023-05-31 00:00:00+00:00,1,1,2,2
2023-06-01 00:00:00+00:00,3,2,2,2
2023-06-02 00:00:00+00:00,1,1,5,3
2023-06-03 00:00:00+00:00,2,2,4,2
2023-06-04 00:00:00+00:00,1,1,3,2
2023-06-05 00:00:00+00:00,2,2,12,4
2023-06-06 00:00:00+00:00,1,1,13,7
2023-06-07 00:00:00+00:00,1,1,11,5
2023-06-08 00:00:00+00:00,1,1,14,10
2023-06-09 00:00:00+00:00,1,1,6,3
2023-06-10 00:00:00+00:00,2,2,5,2
2023-06-11 00:00:00+00:00,1,1,5,5
2023-06-12 00:00:00+00:00,2,2,10,6
2023-06-13 00:00:00+00:00,1,1,10,5
2023-06-14 00:00:00+00:00,1,1,9,8
2023-06-15 00:00:00+00:00,1,1,8,5
2023-06-16 00:00:00+00:00,1,1,4,4
2023-06-17 00:00:00+00:00,1,1,0,0
2023-06-18 00:00:00+00:00,1,1,0,0
2023-06-19 00:00:00+00:00,2,2,6,5
2023-06-20 00:00:00+00:00,1,1,6,6
2023-06-21 00:00:00+00:00,1,1,5,4
2023-06-22 00:00:00+00:00,3,2,3,3
2023-06-23 00:00:00+00:00,1,1,2,1
2023-06-24 00:00:00+00:00,1,1,2,1
2023-06-25 00:00:00+00:00,1,1,2,1
2023-06-26 00:00:00+00:00,3,3,8,5
2023-06-27 00:00:00+00:00,1,1,4,3
2023-06-28 00:00:00+00:00,2,2,3,2
2023-06-29 00:00:00+00:00,1,1,7,5
2023-06-30 00:00:00+00:00,1,1,6,5
2023-07-01 00:00:00+00:00,1,1,2,1
2023-07-02 00:00:00+00:00,1,1,3,2
2023-07-03 00:00:00+00:00,2,2,6,4
2023-07-04 00:00:00+00:00,2,2,3,2
2023-07-05 00:00:00+00:00,1,1,6,3
2023-07-06 00:00:00+00:00,1,1,5,3
2023-07-07 00:00:00+00:00,1,1,2,2
2023-07-08 00:00:00+00:00,1,1,7,1
2023-07-09 00:00:00+00:00,1,1,1,1
2023-07-10 00:00:00+00:00,2,2,2,1
2023-07-11 00:00:00+00:00,1,1,3,2
2023-07-12 00:00:00+00:00,1,1,0,0
2023-07-13 00:00:00+00:00,1,1,2,2
2023-07-14 00:00:00+00:00,1,1,5,4
2023-07-15 00:00:00+00:00,1,1,0,0
2023-07-16 00:00:00+00:00,1,1,4,2
2023-07-17 00:00:00+00:00,2,2,6,2
2023-07-18 00:00:00+00:00,1,1,4,2
2023-07-19 00:00:00+00:00,1,1,3,2
2023-07-20 00:00:00+00:00,1,1,5,3
2023-07-21 00:00:00+00:00,1,1,3,2
2023-07-22 00:00:00+00:00,1,1,3,2
2023-07-23 00:00:00+00:00,1,1,1,1
2023-07-24 00:00:00+00:00,2,2,6,4
2023-07-25 00:00:00+00:00,1,1,5,3
2023-07-26 00:00:00+00:00,1,1,4,3
2023-07-27 00:00:00+00:00,1,1,0,0
2023-07-28 00:00:00+00:00,3,2,7,4
2023-07-29 00:00:00+00:00,1,1,0,0
2023-07-30 00:00:00+00:00,1,1,2,2
2023-07-31 00:00:00+00:00,4,4,1,1
2023-08-01 00:00:00+00:00,1,1,11,6
2023-08-02 00:00:00+00:00,1,1,4,3
2023-08-03 00:00:00+00:00,1,1,3,3
2023-08-04 00:00:00+00:00,2,2,4,3
2023-08-05 00:00:00+00:00,1,1,0,0
2023-08-06 00:00:00+00:00,1,1,0,0
2023-08-07 00:00:00+00:00,2,2,2,2
2023-08-08 00:00:00+00:00,1,1,2,2
2023-08-09 00:00:00+00:00,1,1,5,3
2023-08-10 00:00:00+00:00,1,1,4,4
2023-08-11 00:00:00+00:00,1,1,5,3
2023-08-12 00:00:00+00:00,1,1,2,1
2023-08-13 00:00:00+00:00,1,1,2,1
2023-08-14 00:00:00+00:00,2,2,8,3
2023-08-15 00:00:00+00:00,3,3,10,6
2023-08-16 00:00:00+00:00,1,1,2,2
2023-08-17 00:00:00+00:00,1,1,3,2
2023-08-18 00:00:00+00:00,1,1,4,2
2023-08-19 00:00:00+00:00,3,2,1,1
2023-08-20 00:00:00+00:00,1,1,1,1
2023-08-21 00:00:00+00:00,2,2,4,2
2023-08-22 00:00:00+00:00,1,1,5,2
2023-08-23 00:00:00+00:00,1,1,10,5
2023-08-24 00:00:00+00:00,1,1,7,4
2023-08-25 00:00:00+00:00,1,1,0,0
2023-08-26 00:00:00+00:00,1,1,0,0
2023-08-27 00:00:00+00:00,1,1,1,1
2023-08-28 00:00:00+00:00,3,3,26,4
2023-08-29 00:00:00+00:00,1,1,9,4
2023-08-30 00:00:00+00:00,1,1,3,2
2023-08-31 00:00:00+00:00,1,1,4,3
2023-09-01 00:00:00+00:00,2,2,5,4
2023-09-02 00:00:00+00:00,2,2,0,0
2023-09-03 00:00:00+00:00,1,1,0,0
2023-09-04 00:00:00+00:00,2,2,2,1
2023-09-05 00:00:00+00:00,1,1,3,3
2023-09-06 00:00:00+00:00,2,2,6,2
2023-09-07 00:00:00+00:00,1,1,6,4
2023-09-08 00:00:00+00:00,1,1,2,2
2023-09-09 00:00:00+00:00,1,1,0,0
2023-09-10 00:00:00+00:00,1,1,0,0
2023-09-11 00:00:00+00:00,2,2,10,3
2023-09-12 00:00:00+00:00,2,2,34,2
2023-09-13 00:00:00+00:00,6,3,7,3
2023-09-14 00:00:00+00:00,4,2,4,1
2023-09-15 00:00:00+00:00,2,2,5,2
2023-09-16 00:00:00+00:00,6,2,1,1
2023-09-17 00:00:00+00:00,6,4,1,1
2023-09-18 00:00:00+00:00,4,3,21,3
2023-09-19 00:00:00+00:00,1,1,19,5
2023-09-20 00:00:00+00:00,1,1,11,5
2023-09-21 00:00:00+00:00,8,3,4,1
2023-09-22 00:00:00+00:00,4,2,6,4
2023-09-23 00:00:00+00:00,1,1,14,6
2023-09-24 00:00:00+00:00,1,1,7,3
2023-09-25 00:00:00+00:00,3,3,69,15
2023-09-26 00:00:00+00:00,2,2,17,9
2023-09-27 00:00:00+00:00,1,1,1,1
2023-09-28 00:00:00+00:00,10,2,4,3
2023-09-29 00:00:00+00:00,1,1,2,1
2023-09-30 00:00:00+00:00,3,2,0,0
2023-10-01 00:00:00+00:00,1,1,2,2
2023-10-02 00:00:00+00:00,2,2,0,0
2023-10-03 00:00:00+00:00,1,1,5,3
2023-10-04 00:00:00+00:00,1,1,3,2
2023-10-05 00:00:00+00:00,1,1,10,4
2023-10-06 00:00:00+00:00,1,1,4,1
2023-10-07 00:00:00+00:00,9,2,2,2
2023-10-08 00:00:00+00:00,1,1,2,1
2023-10-09 00:00:00+00:00,2,2,3,1
2023-10-10 00:00:00+00:00,3,2,3,2
2023-10-11 00:00:00+00:00,1,1,2,2
2023-10-12 00:00:00+00:00,11,2,3,3
2023-10-13 00:00:00+00:00,1,1,5,4
2023-10-14 00:00:00+00:00,1,1,1,1
2023-10-15 00:00:00+00:00,8,2,1,1
2023-10-16 00:00:00+00:00,2,2,5,4
2023-10-17 00:00:00+00:00,1,1,4,2
2023-10-18 00:00:00+00:00,2,2,6,4
2023-10-19 00:00:00+00:00,1,1,19,2
2023-10-20 00:00:00+00:00,1,1,2,2
2023-10-21 00:00:00+00:00,1,1,0,0
2023-10-22 00:00:00+00:00,1,1,1,1
2023-10-23 00:00:00+00:00,2,2,6,3
2023-10-24 00:00:00+00:00,1,1,7,4
2023-10-25 00:00:00+00:00,1,1,13,5
2023-10-26 00:00:00+00:00,15,2,13,6
2023-10-27 00:00:00+00:00,1,1,6,4
2023-10-28 00:00:00+00:00,1,1,0,0
2023-10-29 00:00:00+00:00,1,1,0,0
2023-10-30 00:00:00+00:00,2,2,9,7
2023-10-31 00:00:00+00:00,1,1,10,4
2023-11-01 00:00:00+00:00,1,1,0,0
2023-11-02 00:00:00+00:00,1,1,3,3
2023-11-03 00:00:00+00:00,1,1,5,3
2023-11-04 00:00:00+00:00,1,1,7,2
2023-11-05 00:00:00+00:00,2,2,12,3
2023-11-06 00:00:00+00:00,2,2,4,3
2023-11-07 00:00:00+00:00,1,1,17,5
2023-11-08 00:00:00+00:00,1,1,22,7
2023-11-09 00:00:00+00:00,1,1,6,3
2023-11-10 00:00:00+00:00,1,1,6,4
2023-11-11 00:00:00+00:00,1,1,1,1
2023-11-12 00:00:00+00:00,1,1,2,1
2023-11-13 00:00:00+00:00,2,2,5,4
2023-11-14 00:00:00+00:00,1,1,21,9
2023-11-15 00:00:00+00:00,3,2,23,6
2023-11-16 00:00:00+00:00,2,2,11,7
2023-11-17 00:00:00+00:00,1,1,14,5
2023-11-18 00:00:00+00:00,1,1,1,1
2023-11-19 00:00:00+00:00,1,1,3,2
2023-11-20 00:00:00+00:00,2,2,10,4
2023-11-21 00:00:00+00:00,2,2,13,4
2023-11-22 00:00:00+00:00,1,1,5,3
2023-11-23 00:00:00+00:00,1,1,11,4
2023-11-24 00:00:00+00:00,1,1,6,3
2023-11-25 00:00:00+00:00,1,1,1,1
2023-11-26 00:00:00+00:00,1,1,1,1
2023-11-27 00:00:00+00:00,3,3,13,8
2023-11-28 00:00:00+00:00,1,1,6,4
2023-11-29 00:00:00+00:00,1,1,8,3
2023-11-30 00:00:00+00:00,2,2,59,5
2023-12-01 00:00:00+00:00,2,2,35,6
2023-12-02 00:00:00+00:00,1,1,0,0
2023-12-03 00:00:00+00:00,1,1,7,2
2023-12-04 00:00:00+00:00,4,4,9,5
2023-12-05 00:00:00+00:00,2,2,7,4
2023-12-06 00:00:00+00:00,2,2,5,2
2023-12-07 00:00:00+00:00,1,1,17,4
2023-12-08 00:00:00+00:00,1,1,6,3
2023-12-09 00:00:00+00:00,2,2,0,0
2023-12-10 00:00:00+00:00,1,1,6,1
2023-12-11 00:00:00+00:00,2,2,14,4
2023-12-12 00:00:00+00:00,1,1,19,3
2023-12-13 00:00:00+00:00,1,1,13,4
2023-12-14 00:00:00+00:00,3,2,15,7
2023-12-15 00:00:00+00:00,1,1,3,1
2023-12-16 00:00:00+00:00,1,1,8,1
2023-12-17 00:00:00+00:00,1,1,1,1
2023-12-18 00:00:00+00:00,2,2,1,1
2023-12-19 00:00:00+00:00,1,1,16,2
2023-12-20 00:00:00+00:00,1,1,12,2
2023-12-21 00:00:00+00:00,1,1,1,1
2023-12-22 00:00:00+00:00,1,1,0,0
2023-12-23 00:00:00+00:00,1,1,1,1
2023-12-24 00:00:00+00:00,2,2,1,1
2023-12-25 00:00:00+00:00,2,2,0,0
2023-12-26 00:00:00+00:00,1,1,0,0
2023-12-27 00:00:00+00:00,2,2,5,3
2023-12-28 00:00:00+00:00,1,1,2,1
2023-12-29 00:00:00+00:00,3,2,0,0
2023-12-30 00:00:00+00:00,2,2,0,0
2023-12-31 00:00:00+00:00,1,1,0,0
2024-01-01 00:00:00+00:00,2,2,0,0
2024-01-02 00:00:00+00:00,1,1,9,5
2024-01-03 00:00:00+00:00,1,1,15,4
2024-01-04 00:00:00+00:00,2,2,3,1
2024-01-05 00:00:00+00:00,1,1,32,7
2024-01-06 00:00:00+00:00,1,1,2,1
2024-01-07 00:00:00+00:00,1,1,1,1
2024-01-08 00:00:00+00:00,2,2,3,2
2024-01-09 00:00:00+00:00,1,1,9,4
2024-01-10 00:00:00+00:00,3,2,3,2
2024-01-11 00:00:00+00:00,1,1,7,4
2024-01-12 00:00:00+00:00,2,2,3,1
2024-01-13 00:00:00+00:00,1,1,2,2
2024-01-14 00:00:00+00:00,2,2,2,2
2024-01-15 00:00:00+00:00,4,3,3,2
2024-01-16 00:00:00+00:00,1,1,2,2
2024-01-17 00:00:00+00:00,1,1,3,1
2024-01-18 00:00:00+00:00,1,1,96,4
2024-01-19 00:00:00+00:00,1,1,10,2
2024-01-20 00:00:00+00:00,1,1,22,5
2024-01-21 00:00:00+00:00,1,1,0,0
2024-01-22 00:00:00+00:00,2,2,61,6
2024-01-23 00:00:00+00:00,1,1,20,5
2024-01-24 00:00:00+00:00,1,1,26,7
2024-01-25 00:00:00+00:00,1,1,8,3
2024-01-26 00:00:00+00:00,1,1,5,3
2024-01-27 00:00:00+00:00,1,1,0,0
2024-01-28 00:00:00+00:00,1,1,1,1
2024-01-29 00:00:00+00:00,2,2,12,8
2024-01-30 00:00:00+00:00,1,1,21,8
2024-01-31 00:00:00+00:00,1,1,2,2
2024-02-01 00:00:00+00:00,2,2,7,6
2024-02-02 00:00:00+00:00,1,1,7,5
2024-02-03 00:00:00+00:00,1,1,0,0
2024-02-04 00:00:00+00:00,1,1,3,1
2024-02-05 00:00:00+00:00,2,2,16,8
2024-02-06 00:00:00+00:00,1,1,9,3
2024-02-07 00:00:00+00:00,1,1,11,5
2024-02-08 00:00:00+00:00,1,1,2,2
2024-02-09 00:00:00+00:00,2,2,4,3
2024-02-10 00:00:00+00:00,1,1,3,2
2024-02-11 00:00:00+00:00,1,1,1,1
2024-02-12 00:00:00+00:00,2,2,10,5
2024-02-13 00:00:00+00:00,1,1,13,4
2024-02-14 00:00:00+00:00,1,1,4,3
2024-02-15 00:00:00+00:00,1,1,6,5
2024-02-16 00:00:00+00:00,1,1,6,4
2024-02-17 00:00:00+00:00,1,1,0,0
2024-02-18 00:00:00+00:00,1,1,0,0
2024-02-19 00:00:00+00:00,2,2,5,2
2024-02-20 00:00:00+00:00,1,1,34,12
2024-02-21 00:00:00+00:00,1,1,23,9
2024-02-22 00:00:00+00:00,1,1,8,5
2024-02-23 00:00:00+00:00,1,1,17,8
2024-02-24 00:00:00+00:00,1,1,2,2
2024-02-25 00:00:00+00:00,1,1,0,0
2024-02-26 00:00:00+00:00,2,2,15,7
2024-02-27 00:00:00+00:00,1,1,11,4
2024-02-28 00:00:00+00:00,2,2,4,1
2024-02-29 00:00:00+00:00,1,1,8,3
2024-03-01 00:00:00+00:00,2,2,9,7
2024-03-02 00:00:00+00:00,1,1,3,3
2024-03-03 00:00:00+00:00,2,2,5,3
2024-03-04 00:00:00+00:00,2,2,4,4
2024-03-05 00:00:00+00:00,1,1,54,6
2024-03-06 00:00:00+00:00,1,1,9,8
2024-03-07 00:00:00+00:00,1,1,6,6
2024-03-08 00:00:00+00:00,2,2,7,4
2024-03-09 00:00:00+00:00,2,2,7,4
2024-03-10 00:00:00+00:00,1,1,1,1
2024-03-11 00:00:00+00:00,2,2,6,5
2024-03-12 00:00:00+00:00,1,1,55,7
2024-03-13 00:00:00+00:00,1,1,25,4
2024-03-14 00:00:00+00:00,1,1,26,7
2024-03-15 00:00:00+00:00,1,1,7,7
2024-03-16 00:00:00+00:00,1,1,1,1
2024-03-17 00:00:00+00:00,1,1,2,2
2024-03-18 00:00:00+00:00,2,2,24,7
2024-03-19 00:00:00+00:00,1,1,33,6
2024-03-20 00:00:00+00:00,1,1,20,9
2024-03-21 00:00:00+00:00,1,1,9,8
2024-03-22 00:00:00+00:00,1,1,7,6
2024-03-23 00:00:00+00:00,1,1,5,3
2024-03-24 00:00:00+00:00,1,1,1,1
2024-03-25 00:00:00+00:00,1,1,4,3
2024-03-26 00:00:00+00:00,1,1,8,8
2024-03-27 00:00:00+00:00,1,1,24,7
2024-03-28 00:00:00+00:00,2,2,13,4
2024-03-29 00:00:00+00:00,2,2,10,4
2024-03-30 00:00:00+00:00,1,1,8,3
2024-03-31 00:00:00+00:00,1,1,3,2
2024-04-01 00:00:00+00:00,1,1,6,4
2024-04-02 00:00:00+00:00,1,1,14,5
2024-04-03 00:00:00+00:00,1,1,7,5
2024-04-04 00:00:00+00:00,1,1,3,3
2024-04-05 00:00:00+00:00,1,1,9,4
2024-04-06 00:00:00+00:00,1,1,1,1
2024-04-07 00:00:00+00:00,1,1,2,2
2024-04-08 00:00:00+00:00,2,2,10,6
2024-04-09 00:00:00+00:00,1,1,25,9
2024-04-10 00:00:00+00:00,1,1,5,5
2024-04-11 00:00:00+00:00,1,1,4,4
2024-04-12 00:00:00+00:00,1,1,7,4
2024-04-13 00:00:00+00:00,1,1,1,1
2024-04-14 00:00:00+00:00,0,0,2,2
2024-04-15 00:00:00+00:00,2,2,46,4
2024-04-16 00:00:00+00:00,1,1,19,7
2024-04-17 00:00:00+00:00,1,1,7,6
2024-04-18 00:00:00+00:00,1,1,13,7
2024-04-19 00:00:00+00:00,1,1,6,5
2024-04-20 00:00:00+00:00,1,1,2,2
2024-04-21 00:00:00+00:00,6,3,0,0
2024-04-22 00:00:00+00:00,1,1,1,1
2024-04-23 00:00:00+00:00,1,1,14,6
2024-04-24 00:00:00+00:00,5,2,2,2
2024-04-25 00:00:00+00:00,1,1,13,8
2024-04-26 00:00:00+00:00,5,2,3,3
2024-04-27 00:00:00+00:00,1,1,1,1
2024-04-28 00:00:00+00:00,1,1,1,1
2024-04-29 00:00:00+00:00,1,1,20,12
2024-04-30 00:00:00+00:00,1,1,19,9
2024-05-01 00:00:00+00:00,1,1,41,6
2024-05-02 00:00:00+00:00,1,1,4,3
2024-05-03 00:00:00+00:00,5,2,7,5
2024-05-04 00:00:00+00:00,1,1,5,2
2024-05-05 00:00:00+00:00,5,2,3,2
2024-05-06 00:00:00+00:00,2,2,6,4
2024-05-07 00:00:00+00:00,5,2,26,6
2024-05-08 00:00:00+00:00,5,2,10,3
2024-05-09 00:00:00+00:00,5,2,6,3
2024-05-10 00:00:00+00:00,5,2,9,5
2024-05-11 00:00:00+00:00,1,1,0,0
2024-05-12 00:00:00+00:00,5,2,1,1
2024-05-13 00:00:00+00:00,9,3,7,5
2024-05-14 00:00:00+00:00,1,1,25,12
2024-05-15 00:00:00+00:00,1,1,14,7
2024-05-16 00:00:00+00:00,1,1,20,5
2024-05-17 00:00:00+00:00,1,1,10,6
2024-05-18 00:00:00+00:00,1,1,1,1
2024-05-19 00:00:00+00:00,5,2,0,0
2024-05-20 00:00:00+00:00,1,1,27,4
2024-05-21 00:00:00+00:00,1,1,55,7
2024-05-22 00:00:00+00:00,1,1,3,1
2024-05-23 00:00:00+00:00,1,1,55,2
2024-05-24 00:00:00+00:00,5,2,13,6
2024-05-25 00:00:00+00:00,1,1,0,0
2024-05-26 00:00:00+00:00,5,2,1,1
2024-05-27 00:00:00+00:00,1,1,3,3
2024-05-28 00:00:00+00:00,1,1,6,3
2024-05-29 00:00:00+00:00,5,2,16,5
2024-05-30 00:00:00+00:00,1,1,3,3
2024-05-31 00:00:00+00:00,1,1,2,2
2024-06-01 00:00:00+00:00,5,2,1,1
2024-06-02 00:00:00+00:00,5,2,7,2
2024-06-03 00:00:00+00:00,2,2,5,4
2024-06-04 00:00:00+00:00,1,1,3,3
2024-06-05 00:00:00+00:00,5,2,12,4
2024-06-06 00:00:00+00:00,1,1,7,4
2024-06-07 00:00:00+00:00,5,2,7,7
2024-06-08 00:00:00+00:00,2,2,4,3
2024-06-09 00:00:00+00:00,2,2,1,1
2024-06-10 00:00:00+00:00,9,2,13,6
2024-06-11 00:00:00+00:00,5,2,2,2
2024-06-12 00:00:00+00:00,5,2,18,5
2024-06-13 00:00:00+00:00,2,2,13,7
2024-06-14 00:00:00+00:00,3,3,5,5
2024-06-16 00:00:00+00:00,4,1,1,1
2024-06-17 00:00:00+00:00,5,2,12,9
2024-06-18 00:00:00+00:00,1,1,4,4
2024-06-19 00:00:00+00:00,1,1,5,3
2024-06-20 00:00:00+00:00,4,2,7,6
2024-06-21 00:00:00+00:00,0,0,13,4
2024-06-22 00:00:00+00:00,0,0,5,2
2024-06-24 00:00:00+00:00,3,2,3,2
2024-06-25 00:00:00+00:00,0,0,3,3
2024-06-26 00:00:00+00:00,2,1,7,5
2024-06-27 00:00:00+00:00,0,0,5,1
2024-07-01 00:00:00+00:00,1,1,8,2
2024-07-02 00:00:00+00:00,0,0,6,6
2024-07-03 00:00:00+00:00,0,0,8,3
2024-07-04 00:00:00+00:00,2,1,1,1
2024-07-05 00:00:00+00:00,3,1,14,2
2024-07-06 00:00:00+00:00,0,0,1,1
2024-07-07 00:00:00+00:00,0,0,5,4
2024-07-08 00:00:00+00:00,4,1,8,5
2024-07-09 00:00:00+00:00,0,0,13,6
2024-07-10 00:00:00+00:00,3,1,34,9
2024-07-11 00:00:00+00:00,3,1,7,5
2024-07-12 00:00:00+00:00,1,1,25,4
2024-07-13 00:00:00+00:00,0,0,22,3
2024-07-14 00:00:00+00:00,0,0,7,3
2024-07-15 00:00:00+00:00,0,0,6,3
2024-07-16 00:00:00+00:00,1,1,4,4
2024-07-17 00:00:00+00:00,3,2,7,5
2024-07-18 00:00:00+00:00,0,0,6,6
2024-07-19 00:00:00+00:00,2,2,10,3
2024-07-20 00:00:00+00:00,0,0,4,3
2024-07-21 00:00:00+00:00,0,0,57,4
2024-07-22 00:00:00+00:00,3,1,32,9
2024-07-23 00:00:00+00:00,0,0,12,4
2024-07-24 00:00:00+00:00,1,1,9,5
2024-07-25 00:00:00+00:00,2,2,11,3
2024-07-26 00:00:00+00:00,0,0,8,2
2024-07-27 00:00:00+00:00,0,0,2,2
2024-07-28 00:00:00+00:00,2,1,0,0
2024-07-29 00:00:00+00:00,3,1,6,2
2024-07-30 00:00:00+00:00,0,0,28,6
2024-07-31 00:00:00+00:00,2,1,3,3
2024-08-01 00:00:00+00:00,1,1,3,3
2024-08-02 00:00:00+00:00,1,1,0,0
2024-08-04 00:00:00+00:00,1,1,2,1
2024-08-05 00:00:00+00:00,4,2,2,2
2024-08-06 00:00:00+00:00,1,1,5,3
2024-08-07 00:00:00+00:00,0,0,5,3
2024-08-08 00:00:00+00:00,0,0,3,2
2024-08-09 00:00:00+00:00,3,1,2,1
2024-08-10 00:00:00+00:00,1,1,0,0
2024-08-11 00:00:00+00:00,1,1,1,1
2024-08-12 00:00:00+00:00,0,0,5,5
2024-08-13 00:00:00+00:00,3,1,3,1
2024-08-14 00:00:00+00:00,0,0,4,4
2024-08-15 00:00:00+00:00,0,0,2,2
2024-08-16 00:00:00+00:00,3,2,8,2
2024-08-17 00:00:00+00:00,1,1,0,0
2024-08-18 00:00:00+00:00,5,3,0,0
2024-08-19 00:00:00+00:00,4,1,0,0
2024-08-20 00:00:00+00:00,0,0,3,3
2024-08-21 00:00:00+00:00,2,1,1,1
2024-08-22 00:00:00+00:00,0,0,3,2
2024-08-23 00:00:00+00:00,1,1,26,3
2024-08-24 00:00:00+00:00,2,1,0,0
2024-08-25 00:00:00+00:00,3,1,0,0
2024-08-26 00:00:00+00:00,0,0,2,2
2024-08-27 00:00:00+00:00,3,1,6,3
2024-08-28 00:00:00+00:00,3,2,4,4
2024-08-29 00:00:00+00:00,0,0,2,2
2024-08-30 00:00:00+00:00,0,0,4,3
2024-08-31 00:00:00+00:00,2,1,1,1
2024-09-02 00:00:00+00:00,1,1,10,6
2024-09-03 00:00:00+00:00,0,0,7,4
2024-09-04 00:00:00+00:00,2,1,6,4
2024-09-05 00:00:00+00:00,1,1,2,2
2024-09-06 00:00:00+00:00,0,0,4,2
2024-09-07 00:00:00+00:00,1,1,0,0
2024-09-08 00:00:00+00:00,0,0,2,2
2024-09-09 00:00:00+00:00,0,0,12,4
2024-09-10 00:00:00+00:00,2,2,9,6
2024-09-11 00:00:00+00:00,3,1,93,9
2024-09-12 00:00:00+00:00,0,0,8,4
2024-09-13 00:00:00+00:00,0,0,11,5
2024-09-14 00:00:00+00:00,0,0,3,3
2024-09-15 00:00:00+00:00,0,0,1,1
2024-09-16 00:00:00+00:00,0,0,17,5
2024-09-17 00:00:00+00:00,1,1,10,5
2024-09-18 00:00:00+00:00,1,1,47,8
2024-09-19 00:00:00+00:00,4,1,5,3
2024-09-20 00:00:00+00:00,3,1,6,5
2024-09-21 00:00:00+00:00,2,1,3,2
2024-09-22 00:00:00+00:00,0,0,22,3
2024-09-23 00:00:00+00:00,0,0,5,2
2024-09-24 00:00:00+00:00,4,1,7,6
2024-09-25 00:00:00+00:00,0,0,9,5
2024-09-26 00:00:00+00:00,0,0,15,6
2024-09-27 00:00:00+00:00,0,0,17,8
2024-09-28 00:00:00+00:00,0,0,4,4
2024-09-29 00:00:00+00:00,2,1,7,3
2024-09-30 00:00:00+00:00,1,1,11,8
2024-10-01 00:00:00+00:00,3,1,36,5
2024-10-02 00:00:00+00:00,0,0,6,5
2024-10-03 00:00:00+00:00,0,0,2,2
2024-10-04 00:00:00+00:00,0,0,27,3
2024-10-05 00:00:00+00:00,1,1,0,0
2024-10-07 00:00:00+00:00,1,1,4,3
2024-10-08 00:00:00+00:00,3,1,57,6
2024-10-09 00:00:00+00:00,0,0,9,6
2024-10-10 00:00:00+00:00,0,0,14,8
2024-10-11 00:00:00+00:00,0,0,8,6
2024-10-12 00:00:00+00:00,2,1,1,1
2024-10-13 00:00:00+00:00,0,0,2,2
2024-10-14 00:00:00+00:00,0,0,9,7
2024-10-15 00:00:00+00:00,0,0,4,4
2024-10-16 00:00:00+00:00,1,1,13,4
2024-10-17 00:00:00+00:00,0,0,10,6
2024-10-18 00:00:00+00:00,0,0,38,7
2024-10-19 00:00:00+00:00,3,1,3,1
2024-10-20 00:00:00+00:00,1,1,3,3
2024-10-21 00:00:00+00:00,1,1,6,3
2024-10-22 00:00:00+00:00,2,1,5,2
2024-10-23 00:00:00+00:00,1,1,18,8
2024-10-24 00:00:00+00:00,0,0,5,4
2024-10-25 00:00:00+00:00,0,0,3,2
2024-10-27 00:00:00+00:00,0,0,10,2
2024-10-28 00:00:00+00:00,0,0,18,6
2024-10-29 00:00:00+00:00,0,0,4,2
2024-10-30 00:00:00+00:00,0,0,14,5
2024-10-31 00:00:00+00:00,1,1,3,3
2024-11-01 00:00:00+00:00,0,0,2,1
2024-11-03 00:00:00+00:00,1,1,0,0
2024-11-04 00:00:00+00:00,2,2,12,3
2024-11-05 00:00:00+00:00,0,0,11,8
2024-11-06 00:00:00+00:00,3,1,6,4
2024-11-07 00:00:00+00:00,1,1,7,5
2024-11-08 00:00:00+00:00,4,1,16,8
2024-11-09 00:00:00+00:00,4,1,0,0
2024-11-10 00:00:00+00:00,0,0,5,1
2024-11-11 00:00:00+00:00,0,0,8,5
2024-11-12 00:00:00+00:00,4,1,15,6
2024-11-13 00:00:00+00:00,0,0,6,6
2024-11-14 00:00:00+00:00,2,1,8,3
2024-11-15 00:00:00+00:00,2,1,2,2
2024-11-17 00:00:00+00:00,1,1,2,2
2024-11-18 00:00:00+00:00,0,0,6,3
2024-11-19 00:00:00+00:00,0,0,6,5
2024-11-20 00:00:00+00:00,0,0,4,3
2024-11-21 00:00:00+00:00,1,1,7,6
2024-11-22 00:00:00+00:00,3,1,2,2
2024-11-24 00:00:00+00:00,2,1,4,2
2024-11-25 00:00:00+00:00,1,1,11,6
2024-11-26 00:00:00+00:00,3,2,27,3
2024-11-27 00:00:00+00:00,2,1,2,2
2024-11-28 00:00:00+00:00,0,0,5,2
2024-11-29 00:00:00+00:00,0,0,3,2
2024-11-30 00:00:00+00:00,2,1,0,0
2024-12-02 00:00:00+00:00,3,2,5,3
2024-12-03 00:00:00+00:00,1,1,1,1
2024-12-04 00:00:00+00:00,4,1,3,3
2024-12-05 00:00:00+00:00,0,0,13,4
2024-12-06 00:00:00+00:00,4,2,4,2
2024-12-08 00:00:00+00:00,5,2,1,1
2024-12-09 00:00:00+00:00,0,0,6,4
2024-12-10 00:00:00+00:00,4,1,15,4
2024-12-11 00:00:00+00:00,1,1,3,3
2024-12-12 00:00:00+00:00,1,1,2,2
2024-12-13 00:00:00+00:00,1,1,4,3
2024-12-15 00:00:00+00:00,2,1,0,0
2024-12-16 00:00:00+00:00,0,0,5,4
2024-12-17 00:00:00+00:00,0,0,4,4
2024-12-18 00:00:00+00:00,0,0,1,1
2024-12-19 00:00:00+00:00,1,1,2,2
2024-12-20 00:00:00+00:00,2,2,1,1
2024-12-21 00:00:00+00:00,1,1,0,0
2024-12-22 00:00:00+00:00,1,1,0,0
2024-12-23 00:00:00+00:00,0,0,15,5
2024-12-24 00:00:00+00:00,1,1,1,1
2024-12-25 00:00:00+00:00,1,1,0,0
2024-12-26 00:00:00+00:00,1,1,0,0
2024-12-27 00:00:00+00:00,1,1,2,1
2024-12-28 00:00:00+00:00,1,1,5,2
2024-12-29 00:00:00+00:00,2,2,3,2
2024-12-30 00:00:00+00:00,0,0,6,3
2024-12-31 00:00:00+00:00,0,0,5,2
2025-01-02 00:00:00+00:00,1,1,11,3
2025-01-03 00:00:00+00:00,0,0,13,2
2025-01-04 00:00:00+00:00,1,1,0,0
2025-01-05 00:00:00+00:00,2,1,1,1
2025-01-06 00:00:00+00:00,4,3,7,4
2025-01-07 00:00:00+00:00,1,1,6,4
2025-01-08 00:00:00+00:00,0,0,3,3
2025-01-09 00:00:00+00:00,1,1,6,5
2025-01-10 00:00:00+00:00,0,0,6,5
2025-01-12 00:00:00+00:00,2,2,0,0
2025-01-13 00:00:00+00:00,2,2,1,1
2025-01-14 00:00:00+00:00,2,2,15,4
2025-01-15 00:00:00+00:00,2,1,3,3
2025-01-16 00:00:00+00:00,1,1,5,2
2025-01-17 00:00:00+00:00,1,1,6,3
2025-01-18 00:00:00+00:00,1,1,0,0
2025-01-19 00:00:00+00:00,0,0,1,1
2025-01-20 00:00:00+00:00,1,1,1,1
2025-01-21 00:00:00+00:00,2,1,4,1
2025-01-22 00:00:00+00:00,3,1,3,2
2025-01-23 00:00:00+00:00,0,0,3,1
2025-01-24 00:00:00+00:00,0,0,4,3
2025-01-25 00:00:00+00:00,0,0,10,1
2025-01-26 00:00:00+00:00,3,2,5,3
2025-01-27 00:00:00+00:00,2,1,7,3
2025-01-28 00:00:00+00:00,1,1,7,6
2025-01-29 00:00:00+00:00,1,1,15,4
2025-01-30 00:00:00+00:00,5,3,22,5
2025-01-31 00:00:00+00:00,4,2,5,3
2025-02-01 00:00:00+00:00,3,2,0,0
2025-02-02 00:00:00+00:00,4,2,4,1
2025-02-03 00:00:00+00:00,4,3,3,3
2025-02-04 00:00:00+00:00,4,2,3,2
2025-02-05 00:00:00+00:00,5,2,17,6
2025-02-06 00:00:00+00:00,1,1,10,5
2025-02-07 00:00:00+00:00,5,3,16,8
2025-02-08 00:00:00+00:00,5,2,1,1
2025-02-09 00:00:00+00:00,4,2,19,2
2025-02-10 00:00:00+00:00,1,1,35,5
2025-02-11 00:00:00+00:00,6,3,28,8
2025-02-12 00:00:00+00:00,4,2,50,5
2025-02-13 00:00:00+00:00,2,2,34,7
2025-02-14 00:00:00+00:00,3,2,7,6
2025-02-15 00:00:00+00:00,3,2,10,2
2025-02-16 00:00:00+00:00,5,2,6,3
2025-02-17 00:00:00+00:00,5,2,6,3
2025-02-18 00:00:00+00:00,2,2,10,6
2025-02-19 00:00:00+00:00,4,2,13,3
2025-02-20 00:00:00+00:00,5,2,9,7
2025-02-21 00:00:00+00:00,1,1,8,4
2025-02-22 00:00:00+00:00,4,2,0,0
2025-02-23 00:00:00+00:00,4,2,27,3
2025-02-24 00:00:00+00:00,1,1,13,1
2025-02-25 00:00:00+00:00,4,2,8,5
2025-02-26 00:00:00+00:00,6,3,28,10
2025-02-27 00:00:00+00:00,2,2,16,8
2025-02-28 00:00:00+00:00,4,2,4,3
2025-03-01 00:00:00+00:00,4,2,6,4
2025-03-02 00:00:00+00:00,6,3,4,3
2025-03-03 00:00:00+00:00,1,1,8,6
2025-03-04 00:00:00+00:00,1,1,10,8
2025-03-05 00:00:00+00:00,5,3,8,7
2025-03-06 00:00:00+00:00,2,2,12,7
2025-03-07 00:00:00+00:00,4,3,11,8
2025-03-08 00:00:00+00:00,6,3,0,0
2025-03-09 00:00:00+00:00,4,2,1,1
2025-03-10 00:00:00+00:00,5,3,11,6
2025-03-11 00:00:00+00:00,3,3,2,2
2025-03-12 00:00:00+00:00,1,1,8,5
2025-03-13 00:00:00+00:00,1,1,20,8
2025-03-14 00:00:00+00:00,1,1,9,2
2025-03-15 00:00:00+00:00,4,2,29,1
2025-03-16 00:00:00+00:00,1,1,0,0
2025-03-17 00:00:00+00:00,1,1,9,6
2025-03-18 00:00:00+00:00,10,4,16,9
2025-03-19 00:00:00+00:00,5,2,41,4
2025-03-20 00:00:00+00:00,1,1,3,3
2025-03-21 00:00:00+00:00,2,2,7,4
2025-03-22 00:00:00+00:00,1,1,1,1
2025-03-23 00:00:00+00:00,5,2,8,2
2025-03-24 00:00:00+00:00,1,1,13,7
2025-03-25 00:00:00+00:00,4,2,7,6
2025-03-26 00:00:00+00:00,2,2,7,6
2025-03-27 00:00:00+00:00,1,1,11,7
2025-03-28 00:00:00+00:00,3,3,6,4
2025-03-29 00:00:00+00:00,1,1,1,1
2025-03-30 00:00:00+00:00,5,3,4,3
2025-03-31 00:00:00+00:00,1,1,6,6
2025-04-01 00:00:00+00:00,1,1,10,5
2025-04-02 00:00:00+00:00,2,2,4,4
2025-04-03 00:00:00+00:00,5,2,18,10
2025-04-04 00:00:00+00:00,4,2,5,5
2025-04-05 00:00:00+00:00,5,2,2,2
2025-04-06 00:00:00+00:00,2,2,2,2
2025-04-07 00:00:00+00:00,1,1,26,9
2025-04-08 00:00:00+00:00,5,2,8,6
2025-04-09 00:00:00+00:00,2,2,7,6
2025-04-10 00:00:00+00:00,3,2,5,4
2025-04-11 00:00:00+00:00,5,2,21,6
2025-04-12 00:00:00+00:00,5,2,5,3
2025-04-13 00:00:00+00:00,4,2,6,3
2025-04-14 00:00:00+00:00,1,1,9,5
2025-04-15 00:00:00+00:00,6,3,12,5
2025-04-16 00:00:00+00:00,1,1,8,2
2025-04-17 00:00:00+00:00,1,1,1,1
2025-04-18 00:00:00+00:00,4,2,7,5
2025-04-19 00:00:00+00:00,6,3,0,0
2025-04-20 00:00:00+00:00,3,2,1,1
2025-04-21 00:00:00+00:00,5,2,9,5
2025-04-22 00:00:00+00:00,4,2,8,5
2025-04-23 00:00:00+00:00,4,2,6,5
2025-04-24 00:00:00+00:00,6,3,6,3
2025-04-25 00:00:00+00:00,5,2,11,6
2025-04-26 00:00:00+00:00,1,1,2,1
2025-04-27 00:00:00+00:00,5,2,6,4
2025-04-28 00:00:00+00:00,1,1,30,10
2025-04-29 00:00:00+00:00,5,2,10,6
2025-04-30 00:00:00+00:00,1,1,6,4
2025-05-01 00:00:00+00:00,2,2,6,4
2025-05-02 00:00:00+00:00,1,1,12,7
2025-05-03 00:00:00+00:00,4,2,3,2
2025-05-04 00:00:00+00:00,3,2,1,1
2025-05-05 00:00:00+00:00,1,1,15,5
2025-05-06 00:00:00+00:00,5,2,19,14
2025-05-07 00:00:00+00:00,5,2,10,8
2025-05-08 00:00:00+00:00,2,2,10,6
2025-05-09 00:00:00+00:00,6,3,7,6
2025-05-10 00:00:00+00:00,1,1,0,0
2025-05-11 00:00:00+00:00,1,1,5,4
2025-05-12 00:00:00+00:00,1,1,8,5
2025-05-13 00:00:00+00:00,3,3,17,9
2025-05-14 00:00:00+00:00,1,1,11,4
2025-05-15 00:00:00+00:00,4,2,8,3
2025-05-16 00:00:00+00:00,4,2,6,3
2025-05-17 00:00:00+00:00,3,2,3,2
2025-05-18 00:00:00+00:00,1,1,3,3
2025-05-19 00:00:00+00:00,1,1,18,9
2025-05-20 00:00:00+00:00,3,2,16,8
2025-05-21 00:00:00+00:00,1,1,8,5
2025-05-22 00:00:00+00:00,3,2,5,4
2025-05-23 00:00:00+00:00,1,1,14,6
2025-05-24 00:00:00+00:00,1,1,10,2
2025-05-25 00:00:00+00:00,4,2,0,0
2025-05-26 00:00:00+00:00,1,1,3,3
2025-05-27 00:00:00+00:00,1,1,12,6
2025-05-28 00:00:00+00:00,1,1,4,4
2025-05-29 00:00:00+00:00,4,2,8,5
2025-05-30 00:00:00+00:00,3,2,5,4
2025-05-31 00:00:00+00:00,1,1,2,1
2025-06-01 00:00:00+00:00,1,1,4,3
2025-06-02 00:00:00+00:00,5,2,10,5
2025-06-03 00:00:00+00:00,1,1,9,8
2025-06-04 00:00:00+00:00,1,1,2,2
2025-06-05 00:00:00+00:00,2,2,6,5
2025-06-06 00:00:00+00:00,5,2,2,2
2025-06-07 00:00:00+00:00,5,2,0,0
2025-06-08 00:00:00+00:00,5,3,4,3
2025-06-09 00:00:00+00:00,1,1,48,4
2025-06-10 00:00:00+00:00,5,2,16,3
2025-06-11 00:00:00+00:00,3,3,10,7
2025-06-12 00:00:00+00:00,4,4,8,3
2025-06-13 00:00:00+00:00,3,3,3,2
2025-06-14 00:00:00+00:00,5,5,14,4
2025-06-15 00:00:00+00:00,1,1,2,2
2025-06-16 00:00:00+00:00,3,2,29,8
2025-06-17 00:00:00+00:00,9,7,2,2
2025-06-18 00:00:00+00:00,4,4,9,2
2025-06-19 00:00:00+00:00,1,1,6,5
2025-06-20 00:00:00+00:00,3,3,7,4
2025-06-21 00:00:00+00:00,1,1,1,1
2025-06-22 00:00:00+00:00,4,4,1,1
2025-06-23 00:00:00+00:00,4,4,6,5
2025-06-24 00:00:00+00:00,1,1,14,7
2025-06-25 00:00:00+00:00,1,1,17,6
2025-06-26 00:00:00+00:00,4,4,17,4
2025-06-27 00:00:00+00:00,1,1,6,2
2025-06-28 00:00:00+00:00,4,4,0,0
2025-06-29 00:00:00+00:00,1,1,1,1
2025-06-30 00:00:00+00:00,1,1,10,3
2025-07-01 00:00:00+00:00,6,6,12,4
2025-07-02 00:00:00+00:00,1,1,15,6
2025-07-03 00:00:00+00:00,2,2,13,4
2025-07-04 00:00:00+00:00,5,5,3,2
2025-07-05 00:00:00+00:00,1,1,2,1
2025-07-06 00:00:00+00:00,4,4,1,1
2025-07-07 00:00:00+00:00,5,5,8,4
2025-07-08 00:00:00+00:00,2,2,7,6
2025-07-09 00:00:00+00:00,4,4,3,3
2025-07-10 00:00:00+00:00,5,5,2,2
2025-07-11 00:00:00+00:00,6,6,2,2
2025-07-12 00:00:00+00:00,5,5,2,2
2025-07-13 00:00:00+00:00,1,1,0,0
2025-07-14 00:00:00+00:00,5,5,6,4
2025-07-15 00:00:00+00:00,6,6,3,2
2025-07-16 00:00:00+00:00,4,4,4,2
2025-07-17 00:00:00+00:00,1,1,15,5
2025-07-18 00:00:00+00:00,1,1,11,3
2025-07-19 00:00:00+00:00,2,2,6,2
2025-07-20 00:00:00+00:00,2,2,0,0
2025-07-21 00:00:00+00:00,2,2,1,1
2025-07-22 00:00:00+00:00,3,3,4,2
2025-07-23 00:00:00+00:00,4,4,1,1
2025-07-24 00:00:00+00:00,1,1,2,1
2025-07-25 00:00:00+00:00,5,5,2,2
2025-07-26 00:00:00+00:00,1,1,1,1
2025-07-27 00:00:00+00:00,5,5,0,0
2025-07-28 00:00:00+00:00,1,1,3,3
2025-07-29 00:00:00+00:00,1,1,8,3
2025-07-30 00:00:00+00:00,3,3,15,3
2025-07-31 00:00:00+00:00,1,1,29,3
2025-08-01 00:00:00+00:00,5,5,23,5
2025-08-02 00:00:00+00:00,6,6,1,1
2025-08-03 00:00:00+00:00,3,3,1,1
2025-08-04 00:00:00+00:00,1,1,5,3
2025-08-05 00:00:00+00:00,3,3,8,4
2025-08-06 00:00:00+00:00,1,1,5,2
2025-08-07 00:00:00+00:00,1,1,7,4
2025-08-08 00:00:00+00:00,5,5,7,5
2025-08-09 00:00:00+00:00,1,1,0,0
2025-08-10 00:00:00+00:00,2,2,4,2
2025-08-11 00:00:00+00:00,2,2,4,4
2025-08-12 00:00:00+00:00,2,2,16,6
2025-08-13 00:00:00+00:00,3,3,22,8
2025-08-14 00:00:00+00:00,1,1,9,6
2025-08-15 00:00:00+00:00,1,1,9,7
2025-08-16 00:00:00+00:00,5,5,3,1
2025-08-17 00:00:00+00:00,1,1,1,1
2025-08-18 00:00:00+00:00,4,4,16,10
2025-08-19 00:00:00+00:00,1,1,11,4
2025-08-20 00:00:00+00:00,6,6,6,5
2025-08-21 00:00:00+00:00,1,1,10,7
2025-08-22 00:00:00+00:00,4,4,19,5
2025-08-23 00:00:00+00:00,1,1,1,1
2025-08-24 00:00:00+00:00,1,1,2,2
2025-08-25 00:00:00+00:00,4,4,8,5
2025-08-26 00:00:00+00:00,3,3,7,7
2025-08-27 00:00:00+00:00,3,3,31,7
2025-08-28 00:00:00+00:00,3,3,7,5
2025-08-29 00:00:00+00:00,4,4,4,4
2025-08-30 00:00:00+00:00,4,4,1,1
2025-08-31 00:00:00+00:00,2,2,1,1
2025-09-01 00:00:00+00:00,3,3,5,3
2025-09-02 00:00:00+00:00,2,2,17,8
2025-09-03 00:00:00+00:00,5,5,6,6
2025-09-04 00:00:00+00:00,6,5,3,3
2025-09-05 00:00:00+00:00,4,4,4,3
2025-09-06 00:00:00+00:00,1,1,0,0
2025-09-07 00:00:00+00:00,3,3,1,1
2025-09-08 00:00:00+00:00,1,1,4,2
2025-09-09 00:00:00+00:00,2,2,1,1
2025-09-10 00:00:00+00:00,1,1,1,1
2025-09-11 00:00:00+00:00,5,5,12,4
2025-09-12 00:00:00+00:00,3,3,2,2
2025-09-13 00:00:00+00:00,4,4,1,1
2025-09-14 00:00:00+00:00,5,5,1,1
2025-09-15 00:00:00+00:00,4,4,3,3
2025-09-16 00:00:00+00:00,5,5,10,5
2025-09-17 00:00:00+00:00,1,1,6,2
2025-09-18 00:00:00+00:00,1,1,2,2
2025-09-19 00:00:00+00:00,10,8,6,3
2025-09-20 00:00:00+00:00,11,7,0,0
2025-09-21 00:00:00+00:00,2,2,4,2
2025-09-22 00:00:00+00:00,6,5,9,5
2025-09-23 00:00:00+00:00,1,1,17,8
2025-09-24 00:00:00+00:00,1,1,8,4
2025-09-25 00:00:00+00:00,1,1,6,4
2025-09-26 00:00:00+00:00,6,2,1,1
2025-09-27 00:00:00+00:00,2,2,3,2
2025-09-28 00:00:00+00:00,1,1,5,3
2025-09-29 00:00:00+00:00,1,1,9,5
2025-09-30 00:00:00+00:00,2,2,16,6
2025-10-01 00:00:00+00:00,6,5,12,3
2025-10-02 00:00:00+00:00,1,1,17,6
2025-10-03 00:00:00+00:00,3,3,13,4
2025-10-04 00:00:00+00:00,4,4,0,0
2025-10-05 00:00:00+00:00,4,4,0,0
2025-10-06 00:00:00+00:00,5,5,6,4
2025-10-07 00:00:00+00:00,1,1,1,1
2025-10-08 00:00:00+00:00,5,5,0,0
2025-10-09 00:00:00+00:00,2,2,5,3
2025-10-10 00:00:00+00:00,3,3,1,1
2025-10-11 00:00:00+00:00,4,4,0,0
2025-10-12 00:00:00+00:00,1,1,0,0
2025-10-13 00:00:00+00:00,1,1,6,5
2025-10-14 00:00:00+00:00,13,3,6,5
2025-10-15 00:00:00+00:00,4,3,6,6
2025-10-16 00:00:00+00:00,7,2,12,7
2025-10-17 00:00:00+00:00,19,4,3,2
2025-10-18 00:00:00+00:00,3,2,3,3
2025-10-19 00:00:00+00:00,1,1,0,0
2025-10-20 00:00:00+00:00,8,3,53,4
2025-10-21 00:00:00+00:00,1,1,22,3
2025-10-22 00:00:00+00:00,14,4,2,2
2025-10-23 00:00:00+00:00,1,1,6,3
2025-10-24 00:00:00+00:00,2,2,0,0
2025-10-25 00:00:00+00:00,5,5,0,0
2025-10-26 00:00:00+00:00,19,9,4,4
2025-10-27 00:00:00+00:00,5,5,7,2
2025-10-28 00:00:00+00:00,19,4,4,3
2025-10-29 00:00:00+00:00,10,5,1,1
2025-10-30 00:00:00+00:00,14,4,1,1
2025-10-31 00:00:00+00:00,10,5,0,0
2025-11-01 00:00:00+00:00,7,2,1,1
2025-11-02 00:00:00+00:00,3,3,3,3
2025-11-03 00:00:00+00:00,6,2,10,4
2025-11-04 00:00:00+00:00,13,5,7,5
2025-11-05 00:00:00+00:00,10,8,5,4
2025-11-06 00:00:00+00:00,10,7,3,3
2025-11-07 00:00:00+00:00,11,5,10,4
2025-11-08 00:00:00+00:00,5,4,5,3
2025-11-09 00:00:00+00:00,11,5,1,1
2025-11-10 00:00:00+00:00,12,6,15,3
2025-11-11 00:00:00+00:00,3,3,8,6
2025-11-12 00:00:00+00:00,21,5,7,6
2025-11-13 00:00:00+00:00,11,6,8,4
2025-11-14 00:00:00+00:00,3,3,7,5
2025-11-15 00:00:00+00:00,4,3,1,1
2025-11-16 00:00:00+00:00,2,2,0,0
2025-11-17 00:00:00+00:00,3,3,2,1
2025-11-18 00:00:00+00:00,4,4,10,6
2025-11-19 00:00:00+00:00,2,2,4,4
2025-11-20 00:00:00+00:00,2,2,9,7
2025-11-21 00:00:00+00:00,2,2,3,2
2025-11-22 00:00:00+00:00,2,2,1,1
2025-11-23 00:00:00+00:00,2,2,1,1
2025-11-24 00:00:00+00:00,2,2,1,1
2025-11-25 00:00:00+00:00,4,4,8,7
2025-11-26 00:00:00+00:00,3,3,6,5
2025-11-27 00:00:00+00:00,4,4,0,0
2025-11-28 00:00:00+00:00,2,2,2,2
2025-11-29 00:00:00+00:00,2,2,1,1
2025-11-30 00:00:00+00:00,4,4,0,0
2025-12-01 00:00:00+00:00,39,11,11,7
2025-12-02 00:00:00+00:00,28,8,48,4
2025-12-03 00:00:00+00:00,90,22,13,4
2025-12-04 00:00:00+00:00,3,3,2,2
2025-12-05 00:00:00+00:00,11,7,2,2
2025-12-06 00:00:00+00:00,8,4,3,2
2025-12-07 00:00:00+00:00,8,4,1,1
2025-12-08 00:00:00+00:00,3,3,6,6
2025-12-09 00:00:00+00:00,8,5,2,2
2025-12-10 00:00:00+00:00,7,3,5,3
2025-12-11 00:00:00+00:00,6,2,0,0
2025-12-12 00:00:00+00:00,8,4,1,1
2025-12-13 00:00:00+00:00,4,4,2,2
2025-12-14 00:00:00+00:00,9,5,3,1
2025-12-15 00:00:00+00:00,2,2,8,3
2025-12-16 00:00:00+00:00,9,5,5,3
2025-12-17 00:00:00+00:00,11,7,1,1
2025-12-18 00:00:00+00:00,7,3,5,5
2025-12-19 00:00:00+00:00,10,5,2,1
2025-12-20 00:00:00+00:00,10,5,0,0
2025-12-21 00:00:00+00:00,12,7,2,2
2025-12-22 00:00:00+00:00,4,4,0,0
2025-12-23 00:00:00+00:00,8,4,1,1
2025-12-24 00:00:00+00:00,12,5,0,0
2025-12-25 00:00:00+00:00,10,3,1,1
2025-12-26 00:00:00+00:00,12,5,0,0
2025-12-27 00:00:00+00:00,6,3,3,2
2025-12-28 00:00:00+00:00,7,4,1,1
2025-12-29 00:00:00+00:00,12,4,3,2
2025-12-30 00:00:00+00:00,12,5,2,2
2025-12-31 00:00:00+00:00,8,4,0,0
2026-01-01 00:00:00+00:00,11,6,1,1
2026-01-02 00:00:00+00:00,7,3,2,1
2026-01-03 00:00:00+00:00,7,3,0,0
2026-01-04 00:00:00+00:00,9,5,3,3
2026-01-05 00:00:00+00:00,11,7,1,1
2026-01-06 00:00:00+00:00,7,4,11,5
2026-01-07 00:00:00+00:00,2,2,4,3
2026-01-08 00:00:00+00:00,2,2,22,2
2026-01-09 00:00:00+00:00,2,2,2,2
2026-01-10 00:00:00+00:00,12,4,1,1
2026-01-11 00:00:00+00:00,7,3,1,1
2026-01-12 00:00:00+00:00,7,3,8,5
2026-01-13 00:00:00+00:00,4,4,3,3
2026-01-14 00:00:00+00:00,9,5,4,3
2026-01-15 00:00:00+00:00,7,3,5,5
2026-01-16 00:00:00+00:00,8,4,4,3
2026-01-17 00:00:00+00:00,14,6,3,3
2026-01-18 00:00:00+00:00,13,5,0,0
2026-01-19 00:00:00+00:00,13,4,27,3
2026-01-20 00:00:00+00:00,8,4,12,6
2026-01-21 00:00:00+00:00,7,3,3,3
2026-01-22 00:00:00+00:00,4,4,2,2
2026-01-23 00:00:00+00:00,7,3,43,10
2026-01-24 00:00:00+00:00,18,6,2,2
2026-01-25 00:00:00+00:00,14,6,1,1
2026-01-26 00:00:00+00:00,10,6,4,4
2026-01-27 00:00:00+00:00,9,5,4,3
2026-01-28 00:00:00+00:00,2,2,2,2
2026-01-29 00:00:00+00:00,10,6,3,2
2026-01-30 00:00:00+00:00,8,4,3,2
2026-01-31 00:00:00+00:00,8,4,0,0
2026-02-01 00:00:00+00:00,15,7,5,5
2026-02-02 00:00:00+00:00,14,6,1,1
2026-02-03 00:00:00+00:00,14,6,4,2
2026-02-04 00:00:00+00:00,5,5,3,2
2026-02-05 00:00:00+00:00,8,8,20,4
2026-02-06 00:00:00+00:00,7,3,7,4
2026-02-07 00:00:00+00:00,16,8,1,1
2026-02-08 00:00:00+00:00,8,4,2,1
2026-02-09 00:00:00+00:00,11,7,4,4
2026-02-10 00:00:00+00:00,2,2,0,0
2026-02-11 00:00:00+00:00,6,2,7,6
2026-02-12 00:00:00+00:00,3,3,3,3
2026-02-13 00:00:00+00:00,2,2,2,2
2026-02-14 00:00:00+00:00,5,5,0,0
2026-02-15 00:00:00+00:00,7,3,2,2
2026-02-16 00:00:00+00:00,16,8,0,0
2026-02-17 00:00:00+00:00,10,6,8,6
2026-02-18 00:00:00+00:00,8,4,2,2
2026-02-19 00:00:00+00:00,7,3,14,10
2026-02-20 00:00:00+00:00,14,6,1,1
2026-02-21 00:00:00+00:00,9,5,1,1
2026-02-22 00:00:00+00:00,10,6,4,4
2026-02-23 00:00:00+00:00,10,6,10,6
2026-02-24 00:00:00+00:00,14,4,7,4
2026-02-25 00:00:00+00:00,3,3,16,8
2026-02-26 00:00:00+00:00,9,5,6,4
2026-02-27 00:00:00+00:00,13,5,5,4
2026-02-28 00:00:00+00:00,7,3,3,3
2026-03-01 00:00:00+00:00,6,6,1,1
2026-03-02 00:00:00+00:00,17,9,6,1
2026-03-03 00:00:00+00:00,15,7,4,3
2026-03-04 00:00:00+00:00,8,4,18,3
2026-03-05 00:00:00+00:00,2,2,5,5
2026-03-06 00:00:00+00:00,5,5,1,1
2026-03-07 00:00:00+00:00,2,2,0,0
2026-03-08 00:00:00+00:00,2,2,1,1
2026-03-09 00:00:00+00:00,7,3,24,4
2026-03-10 00:00:00+00:00,15,7,12,2
2026-03-11 00:00:00+00:00,8,4,9,5
2026-03-12 00:00:00+00:00,10,6,11,7
2026-03-13 00:00:00+00:00,6,2,6,3
2026-03-14 00:00:00+00:00,3,3,0,0
2026-03-15 00:00:00+00:00,17,9,9,1
2026-03-16 00:00:00+00:00,4,4,4,4
2026-03-17 00:00:00+00:00,7,3,1,1
2026-03-18 00:00:00+00:00,7,3,4,2
2026-03-19 00:00:00+00:00,7,3,7,5
2026-03-20 00:00:00+00:00,12,4,8,5
2026-03-21 00:00:00+00:00,7,3,2,2
2026-03-22 00:00:00+00:00,7,3,4,3
2026-03-23 00:00:00+00:00,10,6,8,5
2026-03-24 00:00:00+00:00,10,6,20,8
2026-03-25 00:00:00+00:00,8,4,8,4
2026-03-26 00:00:00+00:00,6,2,22,9
2026-03-27 00:00:00+00:00,9,5,36,7
2026-03-28 00:00:00+00:00,5,4,10,2
2026-03-29 00:00:00+00:00,18,10,0,0
2026-03-30 00:00:00+00:00,5,5,10,4
2026-03-31 00:00:00+00:00,9,5,5,3
2026-04-01 00:00:00+00:00,4,4,33,9
2026-04-02 00:00:00+00:00,15,7,6,3
2026-04-03 00:00:00+00:00,14,6,4,3
2026-04-04 00:00:00+00:00,9,5,0,0
2026-04-05 00:00:00+00:00,10,5,1,1
2026-04-06 00:00:00+00:00,2,2,4,3
2026-04-07 00:00:00+00:00,7,3,5,4
2026-04-08 00:00:00+00:00,13,5,22,5
2026-04-09 00:00:00+00:00,28,9,5,4
2026-04-10 00:00:00+00:00,5,5,5,4
2026-04-11 00:00:00+00:00,12,8,1,1
2026-04-12 00:00:00+00:00,24,7,1,1
2026-04-13 00:00:00+00:00,23,9,10,3
2026-04-14 00:00:00+00:00,4,4,9,3
2026-04-15 00:00:00+00:00,15,6,0,0
2026-04-16 00:00:00+00:00,31,10,2,2
2026-04-17 00:00:00+00:00,17,8,4,4
2026-04-18 00:00:00+00:00,26,9,1,1
2026-04-19 00:00:00+00:00,33,13,1,1
2026-04-20 00:00:00+00:00,39,18,0,0
2026-04-21 00:00:00+00:00,59,26,5,5
2026-04-22 00:00:00+00:00,79,29,1,1
2026-04-23 00:00:00+00:00,83,28,2,2
2026-04-24 00:00:00+00:00,55,20,3,2
2026-04-25 00:00:00+00:00,48,19,0,0
2026-04-26 00:00:00+00:00,9,5,0,0
2026-04-27 00:00:00+00:00,20,7,1,1
2026-04-28 00:00:00+00:00,13,4,2,2
2026-04-29 00:00:00+00:00,12,3,1,1
2026-04-30 00:00:00+00:00,28,10,4,2
2026-05-01 00:00:00+00:00,21,6,2,1
2026-05-02 00:00:00+00:00,31,7,0,0
2026-05-03 00:00:00+00:00,26,8,0,0
2026-05-04 00:00:00+00:00,5,4,2,2
2026-05-05 00:00:00+00:00,1,1,0,0
2026-05-06 00:00:00+00:00,10,5,2,2
2026-05-07 00:00:00+00:00,14,5,0,0
2026-05-08 00:00:00+00:00,20,8,1,1
2026-05-09 00:00:00+00:00,2,2,0,0
2026-05-10 00:00:00+00:00,19,6,0,0
2026-05-11 00:00:00+00:00,26,8,3,3
2026-05-12 00:00:00+00:00,2,2,2,2
2026-05-13 00:00:00+00:00,20,5,1,1
2026-05-14 00:00:00+00:00,20,5,3,1
2026-05-15 00:00:00+00:00,31,10,0,0
2026-05-16 00:00:00+00:00,9,4,0,0
2026-05-17 00:00:00+00:00,22,9,1,1
2026-05-18 00:00:00+00:00,20,10,4,3
2026-05-19 00:00:00+00:00,23,6,3,2
2026-05-20 00:00:00+00:00,8,3,0,0
2026-05-21 00:00:00+00:00,8,3,5,2
2026-05-22 00:00:00+00:00,10,5,0,0
2026-05-23 00:00:00+00:00,23,9,14,2
2026-05-24 00:00:00+00:00,14,5,0,0
2026-05-25 00:00:00+00:00,17,7,3,2
2026-05-26 00:00:00+00:00,14,5,4,4
2026-05-27 00:00:00+00:00,17,8,5,2
2026-05-28 00:00:00+00:00,15,6,0,0
2026-05-29 00:00:00+00:00,19,6,2,2
2026-05-30 00:00:00+00:00,14,5,3,2
2026-05-31 00:00:00+00:00,15,5,3,3
2026-06-01 00:00:00+00:00,8,3,5,3
2026-06-02 00:00:00+00:00,15,6,1,1
2026-06-03 00:00:00+00:00,16,7,0,0
2026-06-04 00:00:00+00:00,6,2,1,1
2026-06-05 00:00:00+00:00,1,1,6,4
2026-06-06 00:00:00+00:00,19,6,0,0
2026-06-07 00:00:00+00:00,17,8,1,1
2026-06-08 00:00:00+00:00,9,4,2,2
2026-06-09 00:00:00+00:00,1,1,1,1
2026-06-10 00:00:00+00:00,13,6,1,1
2026-06-11 00:00:00+00:00,14,4,3,2
2026-06-12 00:00:00+00:00,8,3,0,0
2026-06-13 00:00:00+00:00,9,4,0,0
2026-06-14 00:00:00+00:00,19,5,0,0
2026-06-15 00:00:00+00:00,13,3,1,1
2026-06-16 00:00:00+00:00,21,7,0,0
2026-06-17 00:00:00+00:00,17,7,7,3
2026-06-18 00:00:00+00:00,32,9,5,4
2026-06-19 00:00:00+00:00,21,6,8,5
2026-06-20 00:00:00+00:00,38,10,2,1
2026-06-21 00:00:00+00:00,33,10,0,0
2026-06-22 00:00:00+00:00,28,10,8,4
2026-06-23 00:00:00+00:00,34,9,2,2
2026-06-24 00:00:00+00:00,25,5,1,1
2026-06-25 00:00:00+00:00,27,7,0,0
2026-06-26 00:00:00+00:00,14,5,5,5
2026-06-27 00:00:00+00:00,9,4,0,0
2026-06-28 00:00:00+00:00,14,5,1,1
2026-06-29 00:00:00+00:00,16,7,1,1
2026-06-30 00:00:00+00:00,20,7,6,4
2026-07-01 00:00:00+00:00,21,8,0,0
2026-07-02 00:00:00+00:00,19,6,6,3
2026-07-03 00:00:00+00:00,10,5,2,2
2026-07-04 00:00:00+00:00,20,7,1,1
2026-07-05 00:00:00+00:00,10,5,1,1
2026-07-06 00:00:00+00:00,14,5,3,1
2026-07-07 00:00:00+00:00,27,9,2,2
2026-07-08 00:00:00+00:00,19,6,0,0
2026-07-09 00:00:00+00:00,19,6,1,1
2026-07-10 00:00:00+00:00,2,2,2,2
2026-07-11 00:00:00+00:00,9,4,2,2
2026-07-12 00:00:00+00:00,8,3,3,3
2026-07-13 00:00:00+00:00,1,1,3,2
2026-07-14 00:00:00+00:00,16,7,2,2
2026-07-15 00:00:00+00:00,8,3,1,1
2026-07-16 00:00:00+00:00,16,5,4,1
2026-07-17 00:00:00+00:00,17,8,0,0
2026-07-18 00:00:00+00:00,23,9,2,2
2026-07-19 00:00:00+00:00,13,4,4,2
2026-07-20 00:00:00+00:00,1,1,3,3
2026-07-21 00:00:00+00:00,9,4,2,2
2026-07-22 00:00:00+00:00,12,7,0,0
2026-07-23 00:00:00+00:00,21,8,1,1
2026-07-24 00:00:00+00:00,7,2,0,0
2026-07-25 00:00:00+00:00,4,4,0,0
2026-07-26 00:00:00+00:00,1,1,2,2
2026-07-27 00:00:00+00:00,13,4,0,0
2026-07-28 00:00:00+00:00,15,6,10,5
2026-07-29 00:00:00+00:00,10,5,2,2
2026-07-30 00:00:00+00:00,8,3,1,1
2026-07-31 00:00:00+00:00,14,5,2,2
2026-08-01 00:00:00+00:00,20,6,0,0
2026-08-02 00:00:00+00:00,28,10,1,1
2026-08-03 00:00:00+00:00,4,4,2,2
2026-08-04 00:00:00+00:00,19,7,2,1
2026-08-05 00:00:00+00:00,9,4,1,1
2026-08-06 00:00:00+00:00,16,7,0,0
2026-08-07 00:00:00+00:00,15,6,1,1
2026-08-08 00:00:00+00:00,10,4,0,0
2026-08-09 00:00:00+00:00,3,3,0,0
2026-08-10 00:00:00+00:00,1,1,2,2
2026-08-11 00:00:00+00:00,9,4,2,2
2026-08-12 00:00:00+00:00,2,2,0,0
2026-08-13 00:00:00+00:00,2,2,2,2
2026-08-14 00:00:00+00:00,3,3,2,1
2026-08-15 00:00:00+00:00,1,1,0,0
2026-08-16 00:00:00+00:00,2,2,0,0
2026-08-17 00:00:00+00:00,13,6,4,4
2026-08-18 00:00:00+00:00,1,1,1,1
2026-08-19 00:00:00+00:00,8,3,4,4
2026-08-20 00:00:00+00:00,2,2,0,0
2026-08-21 00:00:00+00:00,2,2,0,0
2026-08-22 00:00:00+00:00,2,2,0,0
2026-08-23 00:00:00+00:00,8,3,0,0
2026-08-24 00:00:00+00:00,11,6,1,1
2026-08-25 00:00:00+00:00,1,1,15,4
2026-08-26 00:00:00+00:00,22,7,2,2
2026-08-27 00:00:00+00:00,11,4,0,0
2026-08-28 00:00:00+00:00,2,2,2,2
2026-08-29 00:00:00+00:00,3,3,2,2
2026-08-30 00:00:00+00:00,3,3,0,0
2026-08-31 00:00:00+00:00,96,81,1,1
2026-09-01 00:00:00+00:00,2,2,1,1
2026-09-02 00:00:00+00:00,10,3,6,2
2026-09-03 00:00:00+00:00,1,1,1,1
2026-09-04 00:00:00+00:00,4,3,2,1
2026-09-05 00:00:00+00:00,3,2,0,0
2026-09-06 00:00:00+00:00,3,2,7,2
2026-09-07 00:00:00+00:00,19,8,5,2
2026-09-08 00:00:00+00:00,4,4,3,1
2026-09-09 00:00:00+00:00,15,6,41,3
2026-09-10 00:00:00+00:00,1,1,0,0
2026-09-11 00:00:00+00:00,5,5,2,2
2026-09-12 00:00:00+00:00,4,4,0,0
2026-09-13 00:00:00+00:00,9,4,1,1
2026-09-14 00:00:00+00:00,5,5,1,1
2026-09-15 00:00:00+00:00,12,12,2,2
2026-09-16 00:00:00+00:00,4,4,0,0
2026-09-17 00:00:00+00:00,2,2,8,1
2026-09-18 00:00:00+00:00,18,8,6,5
2026-09-19 00:00:00+00:00,24,10,1,1
2026-09-20 00:00:00+00:00,18,9,0,0
2026-09-21 00:00:00+00:00,1,1,9,6
2026-09-22 00:00:00+00:00,2,2,14,4
2026-09-23 00:00:00+00:00,3,3,2,2
2026-09-24 00:00:00+00:00,1,1,2,2
2026-09-25 00:00:00+00:00,6,4,4,2
2026-09-26 00:00:00+00:00,19,11,0,0
2026-09-27 00:00:00+00:00,15,8,0,0
2026-09-28 00:00:00+00:00,16,8,2,2
2026-09-29 00:00:00+00:00,2,2,1,1
2026-09-30 00:00:00+00:00,3,3,4,4
2026-10-01 00:00:00+00:00,16,7,1,1
2026-10-02 00:00:00+00:00,13,4,0,0
2026-10-03 00:00:00+00:00,3,3,0,0
2026-10-04 00:00:00+00:00,3,3,2,1
2026-10-05 00:00:00+00:00,2,2,3,3
2026-10-06 00:00:00+00:00,13,4,4,3
2026-10-07 00:00:00+00:00,1,1,2,2
2026-10-08 00:00:00+00:00,14,7,0,0
